point_id,latitude,longitude,dist_to_structure_m,structural_density,slope_deg,twi
P_000,-24.45,26.05,1486.8838873833677,0.12290701136725178,5.2683380803819935,10.737547047052745
P_001,-24.444444444444443,26.05,1968.3910109676035,0.32421474404860096,7.945734189136827,5.551757516950835
P_002,-24.438888888888886,26.05,1006.8883010121045,0.4876761262114989,1.2075790396088002,9.606477568338736
P_003,-24.433333333333334,26.05,778.3177657469815,0.2962945704906755,5.516205457853736,8.08106263746334
P_004,-24.427777777777777,26.05,1813.9825058607844,0.6709191388801409,2.1950694068909975,4.328870977865109
P_005,-24.42222222222222,26.05,1927.3841819780007,0.5160229921265347,5.5906282819778355,7.698705156430007
P_006,-24.416666666666664,26.05,587.0049664782644,0.203894038188676,8.117031321136082,9.301388920757796
P_007,-24.41111111111111,26.05,1172.0011488827015,0.43542860040950526,4.521352222209565,7.60613238761703
P_008,-24.405555555555555,26.05,1140.0955958972609,0.7865483128175191,7.8330406641001815,7.274532534075556
P_009,-24.4,26.05,1709.3786106843477,0.8429104983477962,2.937662252435226,6.483811385591482
P_010,-24.45,26.055555555555557,331.8766483371319,0.128359143892523,8.00180034766592,7.598193777552098
P_011,-24.444444444444443,26.055555555555557,1398.772383695507,0.8788960737570248,5.912351402613226,9.61029863897975
P_012,-24.438888888888886,26.055555555555557,796.5784832915567,0.19988731775241186,5.760480003690811,8.36319714470394
P_013,-24.433333333333334,26.055555555555557,1230.9889054894338,0.8723003491295038,8.489959984028483,6.689937501041065
P_014,-24.427777777777777,26.055555555555557,1094.9983146711702,0.8363199933850559,3.4646812663816773,4.8286753853674105
P_015,-24.42222222222222,26.055555555555557,1883.7429557203234,0.20280660982401263,7.7118631009656395,6.809261209671941
P_016,-24.416666666666664,26.055555555555557,1587.9782698460867,0.8842268990866062,8.889593865706448,6.341332115439696
P_017,-24.41111111111111,26.055555555555557,1153.046100624207,0.5550538748936816,3.9858706582936505,6.751417405805083
P_018,-24.405555555555555,26.055555555555557,968.9389543827176,0.8995783183487989,8.937313699015597,10.048938554005044
P_019,-24.4,26.055555555555557,1965.7322761664063,0.7338304333088209,1.0704550986081935,9.89656219663414
P_020,-24.45,26.061111111111114,1154.0094998517004,0.49003949800545543,1.3940776826380605,11.388043471948219
P_021,-24.444444444444443,26.061111111111114,1622.3039142222246,0.7861902656996008,5.197569237745261,8.755434065604605
P_022,-24.438888888888886,26.061111111111114,1149.3329893860744,0.7535699397375495,8.802408241825114,7.439476651055959
P_023,-24.433333333333334,26.061111111111114,1054.4993130795988,0.2872762919353665,6.013285467577224,5.966298804775683
P_024,-24.427777777777777,26.061111111111114,1687.308993623867,0.2490644085685344,5.828221677812616,6.614832030355924
P_025,-24.42222222222222,26.061111111111114,1038.7920986626193,0.5848476805456339,6.971827272389802,9.402969377517909
P_026,-24.416666666666664,26.061111111111114,1202.830398055935,0.4378878685359372,8.602745334378127,10.751277398671391
P_027,-24.41111111111111,26.061111111111114,1298.3777683444482,0.4667701059250292,7.537752715789649,9.174134601149252
P_028,-24.405555555555555,26.061111111111114,1837.4685750026706,0.592421800005614,6.9704795198248926,4.787740268999328
P_029,-24.4,26.061111111111114,1665.1680222766445,0.8128813630135869,3.9107909706600092,8.340435887969257
P_030,-24.45,26.066666666666666,1779.9365463812685,0.5095445531044179,5.988090711829678,10.81267484811957
P_031,-24.444444444444443,26.066666666666666,396.7642475759432,0.4561597762528721,3.330022238234485,9.269120134424915
P_032,-24.438888888888886,26.066666666666666,462.84626476261445,0.6347675242403954,4.072201784066627,11.947190475774196
P_033,-24.433333333333334,26.066666666666666,1244.13163829732,0.788780075713935,3.0656457970006277,6.915095212058567
P_034,-24.427777777777777,26.066666666666666,1310.8859317483234,0.36251845478159195,2.154883836044052,4.057267368055309
P_035,-24.42222222222222,26.066666666666666,1880.848342917975,0.13673714490981714,2.220571349376601,5.651421310218885
P_036,-24.416666666666664,26.066666666666666,542.8631089840569,0.6703748055524207,2.5666333586453427,5.417087416533184
P_037,-24.41111111111111,26.066666666666666,1916.2441279196983,0.2335068725316928,2.3954274737577483,5.5661884612215475
P_038,-24.405555555555555,26.066666666666666,805.7444079501458,0.7472247726644815,5.545379940467188,4.414525215000433
P_039,-24.4,26.066666666666666,1227.7051708598806,0.2893497613745659,1.6217987922817463,10.925954837436612
P_040,-24.45,26.072222222222223,1145.013731409438,0.40097672002374674,3.41753184566837,5.006615865724031
P_041,-24.444444444444443,26.072222222222223,992.7202929924094,0.7398053170527282,4.803760790764016,6.616393826297432
P_042,-24.438888888888886,26.072222222222223,324.86557749282406,0.46682137892468345,8.261435818937084,7.491495142827793
P_043,-24.433333333333334,26.072222222222223,207.61616449637046,0.3018719695647388,2.4195038943179705,8.755054278948991
P_044,-24.427777777777777,26.072222222222223,713.4868256804147,0.8060773836775209,1.8609498037661363,6.322832987833024
P_045,-24.42222222222222,26.072222222222223,1411.9445349991574,0.4537028027355031,6.289451764364887,11.773176760749697
P_046,-24.416666666666664,26.072222222222223,518.3229445471944,0.17436127671355886,6.700165796603385,9.382607621579712
P_047,-24.41111111111111,26.072222222222223,54.407347582678085,0.748847724546799,4.105158147280558,10.508868637657017
P_048,-24.405555555555555,26.072222222222223,926.0460832759984,0.2887921954231877,7.708923662739165,9.968567362106533
P_049,-24.4,26.072222222222223,448.84208612182994,0.4943911322235427,5.592578782955757,9.450852227396954
P_050,-24.45,26.07777777777778,414.86916222110403,0.23481058017291556,5.586506590462996,6.545258731038625
P_051,-24.444444444444443,26.07777777777778,994.5361885220221,0.173132467883575,1.7590179609517178,9.28756876732075
P_052,-24.438888888888886,26.07777777777778,1616.536398020551,0.6485850480140167,0.6011968548914007,9.014350726865782
P_053,-24.433333333333334,26.07777777777778,350.92304641610247,0.5511664284507337,0.6111108775698006,4.018663931401988
P_054,-24.427777777777777,26.07777777777778,425.7427081690666,0.5009671392928372,6.650764575226198,8.776080999532223
P_055,-24.42222222222222,26.07777777777778,272.7610262355463,0.13387653749337974,4.857905640105184,8.823242826908533
P_056,-24.416666666666664,26.07777777777778,226.03176470654412,0.8357059395752854,5.948523276628964,10.296656023834517
P_057,-24.41111111111111,26.07777777777778,1254.5771407915056,0.5853946756525448,3.66915135060449,4.227250657926395
P_058,-24.405555555555555,26.07777777777778,1182.320193773387,0.7307698944756961,5.303674854263175,9.780790924919316
P_059,-24.4,26.07777777777778,1717.3506980887614,0.13265125077066592,0.7540166760562295,4.4810511584772135
P_060,-24.45,26.083333333333336,1374.8124077721059,0.8192099876643054,2.9075315681878537,6.469163615803008
P_061,-24.444444444444443,26.083333333333336,1536.2838027403197,0.5402118714299201,2.2713004728253896,11.991720810966713
P_062,-24.438888888888886,26.083333333333336,898.1449060105948,0.4852641020848102,0.9820243789162709,11.530978367235733
P_063,-24.433333333333334,26.083333333333336,1288.1620709995086,0.8567731728128042,2.4425669426958705,7.971062673994387
P_064,-24.427777777777777,26.083333333333336,1010.9840158644753,0.8014936390381089,5.949264256742389,8.37604579840742
P_065,-24.42222222222222,26.083333333333336,306.7245302600875,0.2490181665888767,2.227476508584912,11.63540641611182
P_066,-24.416666666666664,26.083333333333336,1290.765262361765,0.20186521844116864,0.6093642157965298,6.187722205124449
P_067,-24.41111111111111,26.083333333333336,1700.506380362975,0.40202312984240873,7.399793903240881,9.732025556306787
P_068,-24.405555555555555,26.083333333333336,1251.7003355782567,0.6502843452692548,1.4221138242307796,5.699165141754506
P_069,-24.4,26.083333333333336,1128.790540908821,0.11500480485224332,8.950075651522107,6.317352053931604
P_070,-24.45,26.08888888888889,1680.1924469135354,0.886355807177665,4.286557760343752,8.695012134277915
P_071,-24.444444444444443,26.08888888888889,504.3106053793733,0.14658078798960467,3.4639203239565135,4.431181306938264
P_072,-24.438888888888886,26.08888888888889,1224.1995331756923,0.2899046507262846,3.193520546301816,4.516846072788075
P_073,-24.433333333333334,26.08888888888889,142.77604041728242,0.7400362061947258,2.969090192573369,10.856353761167458
P_074,-24.427777777777777,26.08888888888889,396.1560820023054,0.3418315908237246,1.0692474706303416,6.998675916887353
P_075,-24.42222222222222,26.08888888888889,697.2382238934482,0.8775102260056002,6.81427923229938,11.575692680708494
P_076,-24.416666666666664,26.08888888888889,1458.7421711227307,0.38697718957146465,4.24530995240765,7.255942434528789
P_077,-24.41111111111111,26.08888888888889,562.3164162704294,0.8993110660943388,8.455720247000933,5.594937024602132
P_078,-24.405555555555555,26.08888888888889,1829.2318928634727,0.2650035153005671,7.7104264423320155,11.281036079806158
P_079,-24.4,26.08888888888889,414.6718352584149,0.716856004098451,4.160949011994349,4.597583762646893
P_080,-24.45,26.094444444444445,1651.8314520499441,0.1440152928198103,2.435918262227764,9.370726910243592
P_081,-24.444444444444443,26.094444444444445,967.5481232891975,0.8086214583531011,1.7932218369264414,11.111177374364775
P_082,-24.438888888888886,26.094444444444445,1705.170213436484,0.3354293608134936,6.703921992683855,4.577658164832899
P_083,-24.433333333333334,26.094444444444445,827.8114163690843,0.6515116996741063,5.497408086851258,7.822620433347915
P_084,-24.427777777777777,26.094444444444445,1009.9769779917742,0.6563598712592563,7.191149684747824,4.412856246882146
P_085,-24.42222222222222,26.094444444444445,1656.9047489114578,0.10862636338836965,3.456936814340519,5.682789748900835
P_086,-24.416666666666664,26.094444444444445,93.38549652399476,0.11625576483912825,3.7523649913129247,4.565096979436391
P_087,-24.41111111111111,26.094444444444445,1299.847163434287,0.7390259339302289,3.0934496340311877,9.956989195544555
P_088,-24.405555555555555,26.094444444444445,1486.9626783305253,0.3821125929079041,3.966781354793758,5.818933385118048
P_089,-24.4,26.094444444444445,780.4059782078456,0.755830149370827,0.7792318681604014,5.418997919477578
P_090,-24.45,26.1,1389.4577631699453,0.4106215737625748,0.532468114087455,5.844193704573894
P_091,-24.444444444444443,26.1,579.7275230307722,0.7191277009183152,6.461109723684558,4.3666953314718935
P_092,-24.438888888888886,26.1,155.84734190065092,0.1531008874573118,7.385864351040272,5.342111507022888
P_093,-24.433333333333334,26.1,597.5891746533568,0.355866478431881,6.916399133583459,7.339411404353491
P_094,-24.427777777777777,26.1,302.85951905173516,0.3497143169058015,5.597969039446827,11.487378685656772
P_095,-24.42222222222222,26.1,911.5236344438127,0.8703933231867859,8.433617676337434,8.403423250349036
P_096,-24.416666666666664,26.1,861.1289945394723,0.13853769546952438,0.9181965349617934,4.520600982265514
P_097,-24.41111111111111,26.1,431.4106651916767,0.28859730624814406,1.7881206268712,10.698544821445966
P_098,-24.405555555555555,26.1,1485.0182630895943,0.5409571006528819,4.184768361096861,4.126406747297974
P_099,-24.4,26.1,823.0562623980177,0.4533399126040897,1.8465858496436272,7.098633972728215
